temperature (K),K_eq
280,1257.712899
290,3838.652229
300,7876.308321
310,27756.91956
320,39236.33193
330,134098.9054